id;userto;usercc;userbcc;subject;message;multipart;html_body;attachment;attachment_content_type;attachment_name;status;sent_date_time;created_date;created_by;last_modified_date;last_modified_by
1;innovate Path;Data;withdrawal;Libyan Arab Jamahiriya Handmade Concrete Fish;Utah card;false;false;../fake-data/blob/hipster.png;image/png;Rhode Island;Licensed Analyst;2020-10-31T14:27:03;2020-10-31T15:41:57;Frozen Brand North Carolina;2020-11-01T05:51:24;USB
2;COM;user-centric Colombian Peso Unidad de Valor Real;Generic;Investment Account back up;invoice Shoes Rubber;true;true;../fake-data/blob/hipster.png;image/png;Checking Account monitor Incredible Granite Chair;virtual vertical;2020-10-31T12:45:22;2020-10-31T08:58:37;Haven;2020-10-31T09:55:00;Iowa Soap
3;Credit Card Account;digital Generic;Cambridgeshire dynamic Cameroon;Seamless Shirt;Uzbekistan Future-proofed Personal Loan Account;true;true;../fake-data/blob/hipster.png;image/png;Portugal distributed;parsing;2020-10-31T21:05:03;2020-10-31T13:29:51;groupware;2020-10-31T09:25:52;Pizza Representative
4;vortals dynamic Distributed;Buckinghamshire;intuitive well-modulated;Avon Tasty Rubber Cheese portal;wireless National invoice;false;false;../fake-data/blob/hipster.png;image/png;Tasty Steel Chicken connect Associate;national;2020-10-31T19:03:36;2020-10-31T17:53:56;Tactics Chicken overriding;2020-10-31T20:34:42;coherent
5;Incredible Plastic Chair;Auto Loan Account;zero tolerance Health;Assistant;Stream deposit Arkansas;true;false;../fake-data/blob/hipster.png;image/png;Connecticut Iraqi Dinar 1080p;Delaware lavender 5th generation;2020-11-01T05:03:26;2020-11-01T03:30:15;Communications matrix tan;2020-10-31T11:58:31;Surinam Dollar
6;XSS withdrawal Consultant;Unbranded Soft Bacon orange;SAS calculate bandwidth-monitored;innovative integrate bluetooth;synthesizing navigating reboot;true;false;../fake-data/blob/hipster.png;image/png;Designer;Coordinator navigating Canadian Dollar;2020-11-01T00:22:28;2020-10-31T15:32:41;mobile;2020-11-01T06:09:25;channels invoice
7;Shoes THX Handcrafted Plastic Sausages;redundant Faroe Islands Investment Account;National;Solomon Islands Dollar Norwegian Krone;Sausages core Home;true;false;../fake-data/blob/hipster.png;image/png;hack Fundamental architectures;system Clothing;2020-11-01T00:25:47;2020-10-31T18:31:12;Pizza;2020-10-31T13:46:43;Borders metrics killer
8;fuchsia;Pants;Soft THX;Representative Borders;withdrawal copying cutting-edge;true;true;../fake-data/blob/hipster.png;image/png;intermediate Regional;evolve Gorgeous Rubber Computer Pants;2020-10-31T07:03:58;2020-10-31T23:07:31;Refined Tactics quantifying;2020-10-31T16:52:28;Customer PCI
9;Personal Loan Account;payment synergies cyan;Checking Account tan;robust;Phased Investor;true;false;../fake-data/blob/hipster.png;image/png;supply-chains;protocol;2020-10-31T13:30:00;2020-10-31T09:56:46;visionary Chair;2020-10-31T18:03:38;Tennessee B2C Home Loan Account
10;groupware e-business invoice;Baby;Architect Oman;EXE;National channels benchmark;false;true;../fake-data/blob/hipster.png;image/png;turquoise Licensed Soft Shirt Accountability;Infrastructure dynamic International;2020-11-01T00:49:05;2020-10-31T09:04:54;parsing;2020-10-31T17:43:55;transmitter Nebraska functionalities
