id;provider_name;issue_date;expiry_date;policy_document;policy_document_content_type;coverage_statement;created_date;created_by;last_modified_date;last_modified_by
1;Direct Metal Optimization;2020-10-31;2020-10-31;../fake-data/blob/hipster.png;image/png;transmitting;2020-10-31T15:06:19;info-mediaries payment invoice;2020-11-01T02:07:26;Handmade Cotton Car Puerto Rico
2;white platforms Plastic;2020-10-31;2020-11-01;../fake-data/blob/hipster.png;image/png;SSL;2020-10-31T23:49:47;e-commerce primary;2020-10-31T13:25:17;Pizza Managed
3;Compatible payment Home Loan Account;2020-10-31;2020-11-01;../fake-data/blob/hipster.png;image/png;neural orange;2020-10-31T10:46:32;regional;2020-11-01T00:13:58;Albania
4;invoice optimize;2020-11-01;2020-10-31;../fake-data/blob/hipster.png;image/png;Texas navigating Ridges;2020-10-31T14:29:03;copying;2020-10-31T15:23:12;Buckinghamshire transmit Executive
5;Personal Loan Account;2020-10-31;2020-10-31;../fake-data/blob/hipster.png;image/png;ADP online Tasty Concrete Car;2020-10-31T10:37:11;web services;2020-10-31T22:27:06;IB monitor
6;Ouguiya;2020-10-31;2020-11-01;../fake-data/blob/hipster.png;image/png;front-end;2020-10-31T13:27:58;Focused Usability;2020-10-31T08:17:39;invoice Personal Loan Account redundant
7;Programmable;2020-10-31;2020-10-31;../fake-data/blob/hipster.png;image/png;Manager challenge Chips;2020-10-31T22:25:21;incentivize Berkshire Centralized;2020-10-31T19:30:23;Internal Versatile
8;tertiary;2020-10-31;2020-10-31;../fake-data/blob/hipster.png;image/png;engineer RAM Michigan;2020-10-31T20:43:31;Division Rustic;2020-11-01T00:45:45;program exploit Awesome Wooden Shoes
9;Bedfordshire parsing;2020-10-31;2020-10-31;../fake-data/blob/hipster.png;image/png;sexy virtual;2020-10-31T23:39:04;Product Rustic Rubber Mouse;2020-10-31T07:29:04;Berkshire auxiliary
10;Human Reduced;2020-10-31;2020-10-31;../fake-data/blob/hipster.png;image/png;Buckinghamshire mint green;2020-10-31T22:15:15;Implemented Gorgeous;2020-10-31T10:38:07;supply-chains Fresh grey
